pattern_id,pattern_label,bits,fp_residual_at_mu,network_fp_residual,max_real_eig,hurwitz,target_voltage
0,csv_0,0000000011111111,2.11234336583e-15,1.03554709841e-15,-0.8,1,-1.2247449 -1.2247449 -1.2247449 -1.2247449 -1.2247449 -1.2247449 -1.2247449 -1.2247449 1.2247449 1.2247449 1.2247449 1.2247449 1.2247449 1.2247449 1.2247449 1.2247449
