pattern_id,pattern_label,bits,fp_residual_at_mu,network_fp_residual,max_real_eig,hurwitz,target_voltage
0,csv_0,0011110001100110011001100011110001100110011001100011110000000000,1.0497239425e-13,5.92488905232e-15,-0.595921761638,1,-1.2247449 -1.2247449 1.2247449 1.2247449 1.2247449 1.2247449 -1.2247449 -1.2247449 -1.2247449 1.2247449 1.2247449 -1.2247449 -1.2247449 1.2247449 1.2247449 -1.2247449 -1.2247449 1.2247449 1.2247449 -1.2247449 -1.2247449 1.2247449 1.2247449 -1.2247449 -1.2247449 -1.2247449 1.2247449 1.2247449 1.2247449 1.2247449 -1.2247449 -1.2247449 -1.2247449 1.2247449 1.2247449 -1.2247449 -1.2247449 1.2247449 1.2247449 -1.2247449 -1.2247449 1.2247449 1.2247449 -1.2247449 -1.2247449 1.2247449 1.2247449 -1.2247449 -1.2247449 -1.2247449 1.2247449 1.2247449 1.2247449 1.2247449 -1.2247449 -1.2247449 -1.2247449 -1.2247449 -1.2247449 -1.2247449 -1.2247449 -1.2247449 -1.2247449 -1.2247449
